{
  "next-env.d.ts": 1777101033.8460422,
  "next.config.ts": 1777793732.546998,
  "tailwind.config.ts": 1777100054.5513506,
  "graphify-out\\check_cache.py": 1777796971.4845967,
  "graphify-out\\detect_files.py": 1777797319.262437,
  "graphify-out\\run_ast.py": 1777796008.3400817,
  "src\\middleware.ts": 1777798335.0559666,
  "src\\ai\\dev.ts": 1777100054.5353408,
  "src\\ai\\genkit.ts": 1777100054.5353408,
  "src\\app\\layout.tsx": 1777100054.5353408,
  "src\\app\\(app)\\dashboard\\error.tsx": 1777100054.5353408,
  "src\\app\\(app)\\dashboard\\loading.tsx": 1777100054.5353408,
  "src\\app\\(app)\\dashboard\\page.tsx": 1777796008.3400817,
  "src\\app\\(app)\\dashboard\\preview\\page.tsx": 1777121257.2016523,
  "src\\app\\(app)\\onboarding\\page.tsx": 1777796971.4845967,
  "src\\app\\(public)\\page.tsx": 1777798335.0549629,
  "src\\app\\(public)\\login\\page.tsx": 1777793732.546998,
  "src\\app\\(public)\\[username]\\error.tsx": 1777100054.5353408,
  "src\\app\\(public)\\[username]\\loading.tsx": 1777100054.5353408,
  "src\\app\\(public)\\[username]\\not-found.tsx": 1777100054.5353408,
  "src\\app\\(public)\\[username]\\page.tsx": 1777100054.5353408,
  "src\\app\\api\\link-preview\\route.ts": 1777100054.5353408,
  "src\\app\\debug\\page.tsx": 1777793732.5493102,
  "src\\components\\dashboard\\control-dock.tsx": 1777798335.0714977,
  "src\\components\\dashboard\\dashboard-layout.tsx": 1777798335.0549629,
  "src\\components\\dashboard\\grid-skeleton.tsx": 1777118630.4242113,
  "src\\components\\dashboard\\profile-sidebar.tsx": 1777110930.711012,
  "src\\components\\dashboard\\profile-tile.tsx": 1777125132.5166047,
  "src\\components\\dashboard\\settings-panel.tsx": 1777113580.1353805,
  "src\\components\\dashboard\\tile-card.tsx": 1777790599.5284889,
  "src\\components\\dashboard\\tile-edit-dialog.tsx": 1777795214.4644814,
  "src\\components\\dashboard\\tile-grid.tsx": 1777118682.7855027,
  "src\\components\\profile\\public-profile.tsx": 1777790599.5338335,
  "src\\components\\profile\\tile-renderer.tsx": 1777126012.0579133,
  "src\\components\\ui\\accordion.tsx": 1777100054.5513506,
  "src\\components\\ui\\alert-dialog.tsx": 1777100054.5513506,
  "src\\components\\ui\\alert.tsx": 1777100054.5513506,
  "src\\components\\ui\\avatar.tsx": 1777100054.5513506,
  "src\\components\\ui\\badge.tsx": 1777100054.5513506,
  "src\\components\\ui\\button.tsx": 1777100054.5513506,
  "src\\components\\ui\\calendar.tsx": 1777100054.5513506,
  "src\\components\\ui\\card.tsx": 1777100054.5513506,
  "src\\components\\ui\\carousel.tsx": 1777100054.5513506,
  "src\\components\\ui\\chart.tsx": 1777100054.5513506,
  "src\\components\\ui\\checkbox.tsx": 1777100054.5513506,
  "src\\components\\ui\\collapsible.tsx": 1777100054.5513506,
  "src\\components\\ui\\dialog.tsx": 1777100054.5513506,
  "src\\components\\ui\\dropdown-menu.tsx": 1777100054.5513506,
  "src\\components\\ui\\form.tsx": 1777100054.5513506,
  "src\\components\\ui\\input.tsx": 1777100054.5513506,
  "src\\components\\ui\\label.tsx": 1777100054.5513506,
  "src\\components\\ui\\menubar.tsx": 1777100054.5513506,
  "src\\components\\ui\\popover.tsx": 1777100054.5513506,
  "src\\components\\ui\\progress.tsx": 1777100054.5513506,
  "src\\components\\ui\\radio-group.tsx": 1777100054.5513506,
  "src\\components\\ui\\scroll-area.tsx": 1777100054.5513506,
  "src\\components\\ui\\select.tsx": 1777100054.5513506,
  "src\\components\\ui\\separator.tsx": 1777100054.5513506,
  "src\\components\\ui\\sheet.tsx": 1777100054.5513506,
  "src\\components\\ui\\sidebar.tsx": 1777100054.5513506,
  "src\\components\\ui\\skeleton.tsx": 1777100054.5513506,
  "src\\components\\ui\\slider.tsx": 1777100054.5513506,
  "src\\components\\ui\\switch.tsx": 1777100054.5513506,
  "src\\components\\ui\\table.tsx": 1777100054.5513506,
  "src\\components\\ui\\tabs.tsx": 1777100054.5513506,
  "src\\components\\ui\\textarea.tsx": 1777100054.5513506,
  "src\\components\\ui\\toast.tsx": 1777100054.5513506,
  "src\\components\\ui\\toaster.tsx": 1777100054.5513506,
  "src\\components\\ui\\tooltip.tsx": 1777100054.5513506,
  "src\\hooks\\use-mobile.tsx": 1777100054.5513506,
  "src\\hooks\\use-toast.ts": 1777100054.5513506,
  "src\\lib\\auth.ts": 1777795214.4644814,
  "src\\lib\\firebase.ts": 1777793732.546998,
  "src\\lib\\mock-data.ts": 1777120616.4399936,
  "src\\lib\\placeholder-images.ts": 1777100054.5513506,
  "src\\lib\\storage.ts": 1777790599.5264797,
  "src\\lib\\theme-utils.ts": 1777100054.5513506,
  "src\\lib\\utils.ts": 1777100054.5513506,
  "src\\store\\profile-store.ts": 1777796008.3400817,
  "src\\types\\profile.ts": 1777120547.990685,
  "AGENTS.md": 1777102354.2888436,
  "README.md": 1777794610.8069189,
  "docs\\blueprint.md": 1777100054.5353408,
  "docs\\completion-plan.md": 1777794610.8069189,
  "docs\\firebase-setup-guide.md": 1777790599.5284889,
  "docs\\firebase-storage-notice.md": 1777796971.4845967,
  "docs\\plan.md": 1777100054.5353408,
  "graphify-out\\chunk_01_prompt.txt": 1777796971.4845967,
  "graphify-out\\chunk_02_prompt.txt": 1777796971.4845967,
  "graphify-out\\chunk_03_prompt.txt": 1777796971.4845967,
  "graphify-out\\chunk_04_prompt.txt": 1777796971.4845967,
  "graphify-out\\chunk_05_prompt.txt": 1777796971.502092,
  "graphify-out\\chunk_06_prompt.txt": 1777796971.502092,
  "dashboard-fixed.png": 1777117232.8474605,
  "Screenshot 2026-02-26 at 11.52.25\u202fPM.png": 1777100054.5353408,
  "Screenshot 2026-02-27 at 12.46.02\u202fPM.png": 1777100054.5353408,
  "Screenshot 2026-02-27 at 12.46.21\u202fPM.png": 1777100054.5353408,
  "Screenshot 2026-02-27 at 12.46.35\u202fPM.png": 1777100054.5353408
}